<?xml version="1.0" encoding="UTF-8"?>
<project-private xmlns="http://www.netbeans.org/ns/project-private/1">
    <editor-bookmarks xmlns="http://www.netbeans.org/ns/editor-bookmarks/2" lastBookmarkId="0"/>
    <open-files xmlns="http://www.netbeans.org/ns/projectui-open-files/2">
        <group>
            <file>file:/C:/Users/SOPHIA%20ISABEL/Desktop/School%20Files/EX03_GLU_MarianoSA/src/ex03_glu_marianosa/EX03_GLU_MarianoSA.java</file>
            <file>file:/C:/Users/SOPHIA%20ISABEL/Desktop/School%20Files/EX03_GLU_MarianoSA/src/ex03_glu_marianosa/Singer.java</file>
            <file>file:/C:/Users/SOPHIA%20ISABEL/Desktop/School%20Files/EX03_GLU_MarianoSA/src/ex03_glu_marianosa/Album.java</file>
            <file>file:/C:/Users/SOPHIA%20ISABEL/Desktop/School%20Files/EX03_GLU_MarianoSA/src/ex03_glu_marianosa/Song.java</file>
        </group>
    </open-files>
</project-private>
